repo,owner,name,stars,language,default_branch
krahets/hello-algo,krahets,hello-algo,126294,Java,main
GrowingGit/GitHub-Chinese-Top-Charts,GrowingGit,GitHub-Chinese-Top-Charts,108043,Java,master
iluwatar/java-design-patterns,iluwatar,java-design-patterns,94025,Java,master
macrozheng/mall,macrozheng,mall,83666,Java,master
spring-projects/spring-boot,spring-projects,spring-boot,80683,Java,main
doocs/advanced-java,doocs,advanced-java,78974,Java,main
elastic/elasticsearch,elastic,elasticsearch,76739,Java,main
MisterBooo/LeetCodeAnimation,MisterBooo,LeetCodeAnimation,76613,Java,master
NationalSecurityAgency/ghidra,NationalSecurityAgency,ghidra,68712,Java,master
TheAlgorithms/Java,TheAlgorithms,Java,65690,Java,master
kdn251/interviews,kdn251,interviews,64969,Java,master
spring-projects/spring-framework,spring-projects,spring-framework,59963,Java,main
termux/termux-app,termux,termux-app,55264,Java,master
google/guava,google,guava,51496,Java,master
dbeaver/dbeaver,dbeaver,dbeaver,50148,Java,devel
skylot/jadx,skylot,jadx,48630,Java,master
ReactiveX/RxJava,ReactiveX,RxJava,48252,Java,4.x
jeecgboot/JeecgBoot,jeecgboot,JeecgBoot,46347,Java,main
apache/dubbo,apache,dubbo,41518,Java,3.3
halo-dev/halo,halo-dev,halo,38718,Java,main
TeamNewPipe/NewPipe,TeamNewPipe,NewPipe,38229,Java,dev
PhilJay/MPAndroidChart,PhilJay,MPAndroidChart,38209,Java,master
ashishps1/awesome-system-design-resources,ashishps1,awesome-system-design-resources,37708,Java,main
eugenp/tutorials,eugenp,tutorials,37349,Java,master
alibaba/arthas,alibaba,arthas,37319,Java,master
YunaiV/ruoyi-vue-pro,YunaiV,ruoyi-vue-pro,37216,Java,master
geekxh/hello-algorithm,geekxh,hello-algorithm,36077,Java,master
doocs/leetcode,doocs,leetcode,36033,Java,main
airbnb/lottie-android,airbnb,lottie-android,35611,Java,master
bumptech/glide,bumptech,glide,35025,Java,master
netty/netty,netty,netty,34960,Java,4.2
keycloak/keycloak,keycloak,keycloak,34495,Java,main
xkcoding/spring-boot-demo,xkcoding,spring-boot-demo,34109,Java,master
SeleniumHQ/selenium,SeleniumHQ,selenium,34086,Java,trunk
zxing/zxing,zxing,zxing,33952,Java,master
alibaba/easyexcel,alibaba,easyexcel,33721,Java,master
Blankj/AndroidUtilCode,Blankj,AndroidUtilCode,33675,Java,master
alibaba/nacos,alibaba,nacos,32957,Java,develop
binarywang/WxJava,binarywang,WxJava,32800,Java,develop
apache/kafka,apache,kafka,32640,Java,trunk
conductor-oss/conductor,conductor-oss,conductor,31837,Java,main
ityouknow/spring-boot-examples,ityouknow,spring-boot-examples,30590,Java,master
chinabugotech/hutool,chinabugotech,hutool,30285,Java,v5-master
xuxueli/xxl-job,xuxueli,xxl-job,30170,Java,master
yuliskov/SmartTube,yuliskov,SmartTube,30162,Java,master
apolloconfig/apollo,apolloconfig,apollo,29766,Java,master
alibaba/canal,alibaba,canal,29695,Java,master
DrKLO/Telegram,DrKLO,Telegram,29198,Java,master
alibaba/spring-cloud-alibaba,alibaba,spring-cloud-alibaba,29106,Java,2025.1.x
wuyouzhuguli/SpringAll,wuyouzhuguli,SpringAll,28983,Java,master
alibaba/druid,alibaba,druid,28193,Java,master
lenve/vhr,lenve,vhr,28097,Java,master
Anuken/Mindustry,Anuken,Mindustry,27625,Java,master
crossoverJie/JCSprout,crossoverJie,JCSprout,26934,Java,master
kestra-io/kestra,kestra-io,kestra,26894,Java,develop
qiurunze123/miaosha,qiurunze123,miaosha,26599,Java,master
OpenAPITools/openapi-generator,OpenAPITools,openapi-generator,26281,Java,master
apache/flink,apache,flink,26019,Java,master
apache/incubator-seata,apache,incubator-seata,25963,Java,2.x
alibaba/fastjson,alibaba,fastjson,25656,Java,master
CodePhiliaX/Chat2DB,CodePhiliaX,Chat2DB,25616,Java,main
hollischuang/toBeTopJavaer,hollischuang,toBeTopJavaer,25414,Java,master
bazelbuild/bazel,bazelbuild,bazel,25410,Java,master
JakeWharton/butterknife,JakeWharton,butterknife,25375,Java,master
jenkinsci/jenkins,jenkinsci,jenkins,25281,Java,master
scwang90/SmartRefreshLayout,scwang90,SmartRefreshLayout,25155,Java,main
libgdx/libgdx,libgdx,libgdx,25095,Java,master
apache/skywalking,apache,skywalking,24802,Java,master
proxyee-down-org/proxyee-down,proxyee-down-org,proxyee-down,24741,Java,master
greenrobot/EventBus,greenrobot,EventBus,24728,Java,master
iBotPeaches/Apktool,iBotPeaches,Apktool,24584,Java,main
Netflix/Hystrix,Netflix,Hystrix,24456,Java,master
redisson/redisson,redisson,redisson,24334,Java,master
google/gson,google,gson,24203,Java,main
ashishps1/awesome-low-level-design,ashishps1,awesome-low-level-design,24138,Java,main
dataease/dataease,dataease,dataease,23952,Java,dev-v2
LSPosed/LSPosed,LSPosed,LSPosed,23770,Java,master
EnterpriseQualityCoding/FizzBuzzEnterpriseEdition,EnterpriseQualityCoding,FizzBuzzEnterpriseEdition,23661,Java,uinverse
doocs/source-code-hunter,doocs,source-code-hunter,23128,Java,main
alibaba/Sentinel,alibaba,Sentinel,23116,Java,1.8
openjdk/jdk,openjdk,jdk,22911,Java,master
kunal-kushwaha/DSA-Bootcamp-Java,kunal-kushwaha,DSA-Bootcamp-Java,22683,Java,main
apache/rocketmq,apache,rocketmq,22437,Java,develop
elunez/eladmin,elunez,eladmin,21927,Java,master
google/ExoPlayer,google,ExoPlayer,21925,Java,release-v2
thingsboard/thingsboard,thingsboard,thingsboard,21781,Java,master
oracle/graal,oracle,graal,21581,Java,master
opendataloader-project/opendataloader-pdf,opendataloader-project,opendataloader-pdf,21454,Java,main
CarGuo/GSYVideoPlayer,CarGuo,GSYVideoPlayer,21435,Java,master
brettwooldridge/HikariCP,brettwooldridge,HikariCP,21112,Java,dev
apache/shardingsphere,apache,shardingsphere,20722,Java,master
didi/DoKit,didi,DoKit,20419,Java,master
mybatis/mybatis-3,mybatis,mybatis-3,20417,Java,master
linlinjava/litemall,linlinjava,litemall,20255,Java,master
JetBrains/intellij-community,JetBrains,intellij-community,20132,Java,master
yudaocode/SpringBoot-Labs,yudaocode,SpringBoot-Labs,20097,Java,master
ReactiveX/RxAndroid,ReactiveX,RxAndroid,19973,Java,3.x
lionsoul2014/ip2region,lionsoul2014,ip2region,19047,Java,master
YunaiV/yudao-cloud,YunaiV,yudao-cloud,18985,Java,master
dianping/cat,dianping,cat,18949,Java,master
antlr/antlr4,antlr,antlr4,18883,Java,dev
Baseflow/PhotoView,Baseflow,PhotoView,18830,Java,master
dromara/Sa-Token,dromara,Sa-Token,18826,Java,dev
williamfiset/Algorithms,williamfiset,Algorithms,18616,Java,master
Tencent/APIJSON,Tencent,APIJSON,18406,Java,master
LMAX-Exchange/disruptor,LMAX-Exchange,disruptor,18342,Java,master
forezp/SpringCloudLearning,forezp,SpringCloudLearning,17952,Java,master
ben-manes/caffeine,ben-manes,caffeine,17668,Java,master
Tencent/tinker,Tencent,tinker,17636,Java,dev
infinilabs/analysis-ik,infinilabs,analysis-ik,17449,Java,master
justauth/JustAuth,justauth,JustAuth,17445,Java,master
openzipkin/zipkin,openzipkin,zipkin,17429,Java,master
baomidou/mybatis-plus,baomidou,mybatis-plus,17373,Java,3.0
gyoogle/tech-interview-for-developer,gyoogle,tech-interview-for-developer,17358,Java,master
material-components/material-components-android,material-components,material-components-android,17295,Java,master
alibaba/DataX,alibaba,DataX,17208,Java,master
facebook/fresco,facebook,fresco,17151,Java,main
itwanger/toBeBetterJavaer,itwanger,toBeBetterJavaer,16975,Java,master
questdb/questdb,questdb,questdb,16968,Java,master
heibaiying/BigData-Notes,heibaiying,BigData-Notes,16899,Java,master
nostra13/Android-Universal-Image-Loader,nostra13,Android-Universal-Image-Loader,16848,Java,master
Grasscutters/Grasscutter,Grasscutters,Grasscutter,16755,Java,development
winterbe/java8-tutorial,winterbe,java8-tutorial,16743,Java,master
prestodb/presto,prestodb,presto,16702,Java,master
shuzheng/zheng,shuzheng,zheng,16678,Java,master
JeffLi1993/springboot-learning-example,JeffLi1993,springboot-learning-example,16577,Java,master
neo4j/neo4j,neo4j,neo4j,16545,Java,release/5.26.0
ashishps1/awesome-leetcode-resources,ashishps1,awesome-leetcode-resources,16515,Java,main
android-hacker/VirtualXposed,android-hacker,VirtualXposed,15985,Java,vxp
dyc87112/SpringBoot-Learning,dyc87112,SpringBoot-Learning,15746,Java,master
quarkusio/quarkus,quarkusio,quarkus,15676,Java,main
apache/hadoop,apache,hadoop,15549,Java,trunk
android10/Android-CleanArchitecture,android10,Android-CleanArchitecture,15546,Java,master
Konloch/bytecode-viewer,Konloch,bytecode-viewer,15517,Java,master
mockito/mockito,mockito,mockito,15437,Java,main
apache/doris,apache,doris,15378,Java,master
apache/pulsar,apache,pulsar,15248,Java,master
zaproxy/zaproxy,zaproxy,zaproxy,15153,Java,main
cryptomator/cryptomator,cryptomator,cryptomator,15143,Java,develop
java-decompiler/jd-gui,java-decompiler,jd-gui,15096,Java,master
zhisheng17/flink-learning,zhisheng17,flink-learning,15056,Java,master
supertokens/supertokens-core,supertokens,supertokens-core,15050,Java,master
theonedev/onedev,theonedev,onedev,15003,Java,main
elastic/logstash,elastic,logstash,14854,Java,main
eclipse-vertx/vert.x,eclipse-vertx,vert.x,14664,Java,master
arduino/Arduino,arduino,Arduino,14589,Java,master
hdodenhof/CircleImageView,hdodenhof,CircleImageView,14514,Java,master
Tencent/QMUI_Android,Tencent,QMUI_Android,14496,Java,master
languagetool-org/languagetool,languagetool-org,languagetool,14495,Java,master
alibaba/ARouter,alibaba,ARouter,14485,Java,develop
GoogleContainerTools/jib,GoogleContainerTools,jib,14401,Java,master
DuGuQiuBai/Java,DuGuQiuBai,Java,14320,Java,master
apache/dolphinscheduler,apache,dolphinscheduler,14281,Java,dev
deeplearning4j/deeplearning4j,deeplearning4j,deeplearning4j,14227,Java,master
kekingcn/kkFileView,kekingcn,kkFileView,14146,Java,master
xpipe-io/xpipe,xpipe-io,xpipe,14082,Java,master
janishar/mit-deep-learning-book-pdf,janishar,mit-deep-learning-book-pdf,14047,Java,master
Netflix/zuul,Netflix,zuul,14013,Java,master
apache/druid,apache,druid,14002,Java,master
sqshq/piggymetrics,sqshq,piggymetrics,13917,Java,master
orhanobut/logger,orhanobut,logger,13855,Java,master
pinpoint-apm/pinpoint,pinpoint-apm,pinpoint,13819,Java,master
seaswalker/spring-analysis,seaswalker,spring-analysis,13753,Java,master
JessYanCoding/AndroidAutoSize,JessYanCoding,AndroidAutoSize,13741,Java,master
LuckSiege/PictureSelector,LuckSiege,PictureSelector,13593,Java,version_component
lgvalle/Material-Animations,lgvalle,Material-Animations,13573,Java,master
tink-crypto/tink,tink-crypto,tink,13539,Java,master
projectlombok/lombok,projectlombok,lombok,13446,Java,master
Bigkoo/Android-PickerView,Bigkoo,Android-PickerView,13442,Java,master
macrozheng/mall-learning,macrozheng,mall-learning,13384,Java,master
microg/GmsCore,microg,GmsCore,13349,Java,master
metersphere/metersphere,metersphere,metersphere,13213,Java,v3.x
pxb1988/dex2jar,pxb1988,dex2jar,13114,Java,2.x
youth5201314/banner,youth5201314,banner,13025,Java,master
plantuml/plantuml,plantuml,plantuml,13020,Java,master
opensearch-project/OpenSearch,opensearch-project,OpenSearch,12966,Java,main
macrozheng/mall-swarm,macrozheng,mall-swarm,12955,Java,master
alibaba/COLA,alibaba,COLA,12948,Java,master
trinodb/trino,trinodb,trino,12840,Java,master
LawnchairLauncher/lawnchair,LawnchairLauncher,lawnchair,12833,Java,16-dev
codecentric/spring-boot-admin,codecentric,spring-boot-admin,12829,Java,master
Netflix/conductor,Netflix,conductor,12775,Java,main
apache/zookeeper,apache,zookeeper,12764,Java,master
debezium/debezium,debezium,debezium,12740,Java,main
google/guice,google,guice,12739,Java,master
Netflix/eureka,Netflix,eureka,12710,Java,master
facebook/stetho,facebook,stetho,12677,Java,main
floci-io/floci,floci-io,floci,12672,Java,main
greenrobot/greenDAO,greenrobot,greenDAO,12601,Java,master
zhihu/Matisse,zhihu,Matisse,12534,Java,master
beemdevelopment/Aegis,beemdevelopment,Aegis,12474,Java,master
daimajia/AndroidViewAnimations,daimajia,AndroidViewAnimations,12460,Java,master
daimajia/AndroidSwipeLayout,daimajia,AndroidSwipeLayout,12371,Java,master
pagehelper-org/Mybatis-PageHelper,pagehelper-org,Mybatis-PageHelper,12356,Java,master
redis/jedis,redis,jedis,12327,Java,master
amitshekhariitbhu/android-interview-questions,amitshekhariitbhu,android-interview-questions,12323,Java,master
PaperMC/Paper,PaperMC,Paper,12269,Java,main
Team-xManager/xManager,Team-xManager,xManager,12186,Java,main
provectus/kafka-ui,provectus,kafka-ui,12105,Java,master
Yalantis/uCrop,Yalantis,uCrop,12092,Java,develop
